{
  "config": {
    "version": "v0.4",
    "status": "real",
    "treatment_arm": "haiku_cascade",
    "control_arm_primary": "haiku_bare",
    "control_arm_h6": "haiku_bare_2K_scorer",
    "control_arm_h7": "haiku_generic_revise_2pass",
    "seed": 4242,
    "n_permutations": 50000,
    "n_bootstrap": 10000,
    "alpha": 0.05,
    "hypotheses": [
      "H1.v4",
      "H2.v4",
      "H3.v4",
      "H4.v4",
      "H5.v4",
      "H6.v4",
      "H7.v4",
      "H8a.v4",
      "H8b.v4",
      "H8c.v4",
      "H9.v4"
    ]
  },
  "primary": {
    "H1": {
      "name": "H1",
      "domain": "aut",
      "n": 5,
      "estimate": -0.01797887727066323,
      "estimate_length_controlled": -0.01715972359418334,
      "hedges_g": -0.32365881700138965,
      "hedges_g_length_controlled": -0.31308902499870733,
      "bca_ci_95": [
        -0.059155889793678584,
        0.011482068785914689
      ],
      "permutation_p_one_sided": 0.8125,
      "wilcoxon_p_one_sided": 0.78125,
      "holm_p": 0.9375,
      "power_apriori": 0.23899517090352962,
      "power_retrospective": 0.011805002297524014,
      "supported": false,
      "treatment": "haiku_cascade",
      "control": "haiku_bare"
    },
    "H2": {
      "name": "H2",
      "domain": "poetry_interp",
      "n": 10,
      "estimate": 0.044436381260554006,
      "estimate_length_controlled": 0.006082983212001025,
      "hedges_g": 0.31548873338353656,
      "hedges_g_length_controlled": 0.0388641860338672,
      "bca_ci_95": [
        -0.014469588043450513,
        0.1455337493389394
      ],
      "permutation_p_one_sided": 0.1572265625,
      "wilcoxon_p_one_sided": 0.1611328125,
      "holm_p": 0.62890625,
      "power_apriori": 0.42728982677117866,
      "power_retrospective": 0.23534141758479676,
      "supported": false,
      "treatment": "haiku_cascade",
      "control": "haiku_bare"
    },
    "H3": {
      "name": "H3",
      "domain": "poetry_gen",
      "n": 6,
      "estimate": 0.0130979825452797,
      "estimate_length_controlled": 0.011430640771026937,
      "hedges_g": 0.14356688353144556,
      "hedges_g_length_controlled": 0.12401335483592968,
      "bca_ci_95": [
        -0.04952952079049371,
        0.06289855989760064
      ],
      "permutation_p_one_sided": 0.375,
      "wilcoxon_p_one_sided": 0.421875,
      "holm_p": 0.9375,
      "power_apriori": 0.27994273621384114,
      "power_retrospective": 0.09045983613810182,
      "supported": false,
      "treatment": "haiku_cascade",
      "control": "haiku_bare"
    },
    "H4": {
      "name": "H4",
      "domain": "sci_creativity",
      "n": 4,
      "estimate": 0.017348609864711734,
      "estimate_length_controlled": -0.007555413422948215,
      "hedges_g": 0.30301393096804957,
      "hedges_g_length_controlled": -0.15363584727387425,
      "bca_ci_95": [
        -0.012794014066457776,
        0.061248318602641405
      ],
      "permutation_p_one_sided": 0.3125,
      "wilcoxon_p_one_sided": 0.3125,
      "holm_p": 0.9375,
      "power_apriori": 0.19613361551857056,
      "power_retrospective": 0.1224980428862864,
      "supported": false,
      "treatment": "haiku_cascade",
      "control": "haiku_bare"
    }
  },
  "H5": {
    "name": "H5.v4",
    "pooled_g": 0.14471705780965063,
    "method": "fixed_effects_inverse_variance",
    "ci_95": [
      -0.25503081988806975,
      0.544464935507371
    ],
    "n_studies": 4,
    "weights": [
      0.1976326229915869,
      0.396248336543892,
      0.24703507878604303,
      0.15908396167847794
    ],
    "per_domain_g": {
      "H1": -0.32365881700138965,
      "H2": 0.31548873338353656,
      "H3": 0.14356688353144556,
      "H4": 0.30301393096804957
    },
    "per_domain_n": {
      "H1": 5,
      "H2": 10,
      "H3": 6,
      "H4": 4
    },
    "note": "ADR-005 fixed-effects meta-pool of H1.v4-H4.v4 Hedges' g",
    "supported": false
  },
  "H6_v4_extra_compute": {
    "H1": {
      "name": "H1",
      "domain": "aut",
      "n": 5,
      "estimate": 0.0035620005410394564,
      "estimate_length_controlled": -0.011538876261634435,
      "hedges_g": 0.045559165335106,
      "hedges_g_length_controlled": -0.13446941596456247,
      "bca_ci_95": [
        -0.0423309216896693,
        0.056271924023275036
      ],
      "permutation_p_one_sided": 0.46875,
      "wilcoxon_p_one_sided": 0.5,
      "holm_p": 1.0,
      "power_apriori": 0.23899517090352962,
      "power_retrospective": 0.05954529331102687,
      "supported": false,
      "treatment": "haiku_cascade",
      "control": "haiku_bare_2K_scorer"
    },
    "H2": {
      "name": "H2",
      "domain": "poetry_interp",
      "n": 9,
      "estimate": 0.05629504499612031,
      "estimate_length_controlled": 0.058545792214020356,
      "hedges_g": 0.5913893650493249,
      "hedges_g_length_controlled": 0.6196776243366604,
      "bca_ci_95": [
        0.01702955756712993,
        0.13408535256294934
      ],
      "permutation_p_one_sided": 0.017578125,
      "wilcoxon_p_one_sided": 0.01953125,
      "holm_p": 0.0703125,
      "power_apriori": 0.3927738690303253,
      "power_retrospective": 0.49102103837404765,
      "supported": false,
      "treatment": "haiku_cascade",
      "control": "haiku_bare_2K_scorer"
    },
    "H3": {
      "name": "H3",
      "domain": "poetry_gen",
      "n": 6,
      "estimate": -0.0029461845974632452,
      "estimate_length_controlled": -0.0008874540483174339,
      "hedges_g": -0.03262763709210771,
      "hedges_g_length_controlled": -0.010054785250289907,
      "bca_ci_95": [
        -0.04633353513595787,
        0.06825854483161685
      ],
      "permutation_p_one_sided": 0.5625,
      "wilcoxon_p_one_sided": 0.65625,
      "holm_p": 1.0,
      "power_apriori": 0.27994273621384114,
      "power_retrospective": 0.043187813971809264,
      "supported": false,
      "treatment": "haiku_cascade",
      "control": "haiku_bare_2K_scorer"
    },
    "H4": {
      "name": "H4",
      "domain": "sci_creativity",
      "n": 4,
      "estimate": -0.006201997399330153,
      "estimate_length_controlled": -0.01364026372600595,
      "hedges_g": -0.315857199282925,
      "hedges_g_length_controlled": -0.49840486409199586,
      "bca_ci_95": [
        -0.017713648577531216,
        0.00530965377887091
      ],
      "permutation_p_one_sided": 0.8125,
      "wilcoxon_p_one_sided": 0.8125,
      "holm_p": 1.0,
      "power_apriori": 0.19613361551857056,
      "power_retrospective": 0.015382979464980018,
      "supported": false,
      "treatment": "haiku_cascade",
      "control": "haiku_bare_2K_scorer"
    }
  },
  "H6_v4_extra_compute_meta": {
    "name": "H5",
    "pooled_g": 0.14953205828989344,
    "tau2": 0.0,
    "ci_95": [
      -0.2640216801815607,
      0.5630857967613475
    ],
    "n_studies": 4,
    "weights_re": [
      0.22236748217635918,
      0.34103912031077444,
      0.26697580494647427,
      0.1696175925663921
    ],
    "note": "random-effects DerSimonian-Laird meta-analysis of per-domain Hedges' g (replaces the v0.2 z-blend per phase 7 ADR)",
    "per_domain_g": {
      "H1": 0.045559165335106,
      "H2": 0.5913893650493249,
      "H3": -0.03262763709210771,
      "H4": -0.315857199282925
    },
    "per_domain_n": {
      "H1": 5,
      "H2": 9,
      "H3": 6,
      "H4": 4
    },
    "supported": false
  },
  "H7_v4_generic_revise": {
    "H1": {
      "name": "H1",
      "domain": "aut",
      "n": 3,
      "estimate": 0.02311130843044799,
      "estimate_length_controlled": 0.010889345221085756,
      "hedges_g": 0.18894657913505472,
      "hedges_g_length_controlled": 0.08901425473250706,
      "bca_ci_95": [
        -0.044337259398566364,
        0.09521995429639463
      ],
      "permutation_p_one_sided": 0.375,
      "wilcoxon_p_one_sided": 0.375,
      "holm_p": 0.75,
      "power_apriori": 0.1512500074283254,
      "power_retrospective": 0.07963286867124064,
      "supported": false,
      "treatment": "haiku_cascade",
      "control": "haiku_generic_revise_2pass"
    },