{
  "axes_cascade": {
    "creativity": 0.7672825861064827,
    "lexical_diversity": 0.9230769230769231,
    "idiosyncrasy": 0.8311150781810284,
    "emotional_resonance": 0.0,
    "literary_devices": 0.5,
    "imagery": 0.0
  },
  "axes_bare": {
    "creativity": 0.7699181507615482,
    "lexical_diversity": 1.0,
    "idiosyncrasy": 0.8594619631767273,
    "emotional_resonance": 0.0,
    "literary_devices": 0.5,
    "imagery": 0.2
  },
  "composite_cascade": 0.5035790978940723,
  "composite_bare": 0.5548966856563793
}